pair,date,high,low,open,close,volume
USDT_BTC,1618005600,58361.24,58025,58361.24,58086.38,74706758.43
USDT_BTC,1618009200,58181.39,57873.31,58086.37,58142.54,86322100.76
USDT_BTC,1618012800,58327.9,57900.01,58142.55,58109.08,89886409.57
USDT_BTC,1618016400,58435.72,58072.92,58109.08,58413.52,85987726.03
USDT_BTC,1618020000,58733,58334.82,58414.98,58721.55,98271154.85
USDT_BTC,1618023600,59238.27,58707.1,58721.22,59229.5,266803780.1
USDT_BTC,1618027200,61232.83,59229.5,59229.5,61074.09,711859090
USDT_BTC,1618030800,61500,60663.1,61074.09,60851.92,366283703.4
USDT_BTC,1618034400,61050,60521.01,60851.91,60576.8,174215756.7
USDT_BTC,1618038000,60816.9,60333,60576.8,60480.4,237688265.7
USDT_BTC,1618041600,60821.58,60338.54,60480.4,60534.89,147117530.2
USDT_BTC,1618045200,60803,60452.65,60534.89,60772.73,114721311.5
USDT_BTC,1618048800,60997.18,60515.88,60772.73,60659.02,118883694
USDT_BTC,1618052400,60723.38,60500,60659.02,60575.94,94173384.29
USDT_BTC,1618056000,60800,59811.74,60575.94,60088.62,212493061.6
USDT_BTC,1618059600,60490,59981.06,60088.61,60465.89,143341402.2
USDT_BTC,1618063200,60499,60255,60465.88,60398.19,121180340.2
USDT_BTC,1618066800,60465.94,60106.85,60398.19,60247.26,125500254.6
USDT_BTC,1618070400,60550,60116.14,60247.26,60265,144651593.7
USDT_BTC,1618074000,60265,59920.86,60265,60100.48,141784731
USDT_BTC,1618077600,60115.82,59572.64,60100.48,60020,147234255.1
USDT_BTC,1618081200,60020.01,59550,60020,59567.38,89092181.67
USDT_BTC,1618084800,59800,58374.61,59567.38,58615.28,224204531.2
USDT_BTC,1618088400,59256.36,58485.84,58619.72,59161.03,139157715.4
USDT_BTC,1618092000,59399.84,59013.79,59161.04,59029.17,95014670.54
USDT_BTC,1618095600,59842.63,59008.39,59029.17,59769.13,107592009
USDT_BTC,1618099200,60429.56,59544.94,59769.13,60148.5,196487750.9
USDT_BTC,1618102800,60600,60036.58,60148.5,60594.67,115347140.1
USDT_BTC,1618106400,60594.68,60262.53,60594.67,60509.7,73086241.24
USDT_BTC,1618110000,60699,60202.69,60509.7,60268.58,87039438.33
USDT_BTC,1618113600,60328,59777.77,60268.58,59906.6,101982393.2
USDT_BTC,1618117200,60012.05,59535.52,59906.59,59679.97,153786143.7
USDT_BTC,1618120800,59909.68,59339.83,59679.96,59735,121993099.1
USDT_BTC,1618124400,59790.15,59400,59735.01,59655.49,71102991.41
USDT_BTC,1618128000,60144.7,59655.49,59655.5,59961.81,85922949.7
USDT_BTC,1618131600,60045,59455.09,59961.81,59676.2,104063652
USDT_BTC,1618135200,59950.81,59500,59676.2,59599.99,95979106.6
USDT_BTC,1618138800,59860.87,59450,59600,59721.84,99650398.16
USDT_BTC,1618142400,59844,59449.93,59721.85,59724.45,102716178.6
USDT_BTC,1618146000,59746,59232.52,59724.44,59340.55,108057044.4
USDT_BTC,1618149600,59664.98,59250,59340.54,59570.77,96744798.01
USDT_BTC,1618153200,59780.06,59558,59573.36,59645.46,90482896.87
USDT_BTC,1618156800,59785.37,59480,59645.45,59569.4,107448787.4
USDT_BTC,1618160400,59975.95,59405.18,59569.41,59864.39,127273623.5
USDT_BTC,1618164000,59948.89,59758.63,59864.39,59865,70860690.18
USDT_BTC,1618167600,60190,59557.13,59865.01,59705.53,115645136.9
USDT_BTC,1618171200,59820,59479,59705.53,59707.8,69130625.46
USDT_BTC,1618174800,59707.81,59488.57,59707.79,59610.72,57637057.41
USDT_BTC,1618178400,60130.57,59433.29,59610.72,60101.68,119731194.9
USDT_BTC,1618182000,60107.96,59760,60101.68,60002.43,89863588.43
USDT_BTC,1618185600,60355,59605,59998.8,59830.28,109336575.5
USDT_BTC,1618189200,60147.9,59800,59830.28,59865.36,91196678.78
USDT_BTC,1618192800,59922.88,59586.01,59865.36,59694.25,75795531.75
USDT_BTC,1618196400,60456.29,59665,59694.26,60368.96,126059391.5
USDT_BTC,1618200000,60607,60056,60368.95,60126.54,151075631.1
USDT_BTC,1618203600,60287.19,60020,60126.54,60207.01,93380598.83
USDT_BTC,1618207200,60842.92,60101.19,60207.01,60826.66,160761724.9
USDT_BTC,1618210800,61300,60636.59,60829.68,60711.01,293688577.4
USDT_BTC,1618214400,60840.57,60536.35,60711,60694.42,149955355.8
USDT_BTC,1618218000,60878.25,59651,60694.42,59992.22,249922167.3
USDT_BTC,1618221600,60277.76,59350.59,59992.22,59776.71,249095462.7
USDT_BTC,1618225200,60269.02,59727.45,59776.71,60241.5,179774594.9
USDT_BTC,1618228800,60564.19,60151.03,60241.5,60421.84,155574456.8
USDT_BTC,1618232400,60584.28,60280,60421.84,60304.69,144183616.5
USDT_BTC,1618236000,60345.5,59873.04,60301.04,59888.44,180088285.4
USDT_BTC,1618239600,60129.43,59610.96,59888.45,59986.83,184240261
USDT_BTC,1618243200,60112.36,59703.02,59986.82,59972.5,161439019.1
USDT_BTC,1618246800,59972.5,59725.35,59972.5,59749.4,103212476.2
USDT_BTC,1618250400,60018,59680.9,59749.41,59988.95,78592405.33
USDT_BTC,1618254000,60223,59881.28,59988.94,60090.41,79932021.28
USDT_BTC,1618257600,60241.32,59922.22,60090.42,60049.92,102045643.5
USDT_BTC,1618261200,60073.8,59759.05,60049.92,59992.53,80859949.58
USDT_BTC,1618264800,60072.3,59850,59992.53,60044.75,84990755.13
USDT_BTC,1618268400,60100,59859.06,60044.75,59860,107841687.6
USDT_BTC,1618272000,60473,59805.15,59860.01,60452.35,153036497.4
USDT_BTC,1618275600,60780.26,60215,60452.35,60641.13,185030508.7
USDT_BTC,1618279200,60951.27,60571.42,60641.13,60829.01,183650666.4
USDT_BTC,1618282800,61100,60435.28,60829.01,60493.43,204162518.9
USDT_BTC,1618286400,60650,60330.74,60493.43,60585.4,144343926.6
USDT_BTC,1618290000,60814.16,60470,60585.4,60668.74,117497458.4
USDT_BTC,1618293600,61415.5,60450.25,60668.74,60719.86,312195981.6
USDT_BTC,1618297200,61190,60582.21,60719.86,61050.99,165477154
USDT_BTC,1618300800,62878,61046.45,61050.99,62711.51,702208842.8
USDT_BTC,1618304400,63287.88,62300.88,62711.51,62924.24,397544743.3
USDT_BTC,1618308000,63100,62458,62924.23,62745.56,276040305.1
USDT_BTC,1618311600,63093.82,62500,62745.56,62942.21,209653954.5
USDT_BTC,1618315200,63260,62790.85,62942.21,62973.25,259854700.7
USDT_BTC,1618318800,63019.97,62500,62973.24,62787.35,262980864
USDT_BTC,1618322400,63031.34,62595.66,62787.36,62920.99,151667368.9
USDT_BTC,1618326000,63657.86,62740,62921,63331.83,269156564
USDT_BTC,1618329600,63777.77,62988,63331.83,63150.79,253356415.5
USDT_BTC,1618333200,63364.75,63026.46,63150.79,63332.85,148321811.8
USDT_BTC,1618336800,63548.7,62550,63328.84,62641.77,201411468.1
USDT_BTC,1618340400,63046.13,62530,62641.77,62997.02,149656660.4
USDT_BTC,1618344000,63210,62842.99,62997.02,63167.72,100262671.3
USDT_BTC,1618347600,63320,62859.43,63167.72,63139.99,85884948.65
USDT_BTC,1618351200,63300,62867.02,63139.97,63238.81,102135453.9
USDT_BTC,1618354800,63666,63200,63238.81,63575,119345890.6
USDT_BTC,1618358400,63869.99,63208.97,63575.01,63315.03,161265503.6
USDT_BTC,1618362000,63484.16,63082,63315.03,63446.84,155055713.6
USDT_BTC,1618365600,63459.53,63088.5,63446.84,63208.66,108512396.4
USDT_BTC,1618369200,63865,63063.32,63208.64,63749.19,168468281.5
USDT_BTC,1618372800,64280,63605.85,63749.19,64268.97,200273313.1
USDT_BTC,1618376400,64720,63890.54,64268.97,64038.49,271609036.9
USDT_BTC,1618380000,64854,63915,64038.48,64577.26,271074760.6
USDT_BTC,1618383600,64655,64280,64577.25,64288.8,172885004.5
USDT_BTC,1618387200,64565.54,63368,64288.8,63928.57,252259196.8
USDT_BTC,1618390800,64165,63012.84,63928.58,63568.42,305664986.2
USDT_BTC,1618394400,64151.97,63431.98,63568.41,64099.99,226423837
USDT_BTC,1618398000,64787.98,64084.64,64100,64511.21,231850148.8
USDT_BTC,1618401600,64640.58,63631.58,64509.48,63871.42,247196695.4
USDT_BTC,1618405200,64466.66,63597.23,63871.41,63772.67,229517940.5
USDT_BTC,1618408800,63782.09,62550,63777.69,62996.12,377360664.5
USDT_BTC,1618412400,63383,62345.67,62997.9,63045.02,275520807.4
USDT_BTC,1618416000,63680,62800,63045.03,63484.79,237720872.2
USDT_BTC,1618419600,63764.62,62231.49,63484.79,62250.14,245911612.9
USDT_BTC,1618423200,62697.53,61568,62250.14,62119.26,312476421.8
USDT_BTC,1618426800,62496.45,61301,62119.26,62150.04,292306892.6
USDT_BTC,1618430400,62479.08,61873.51,62150.03,62397.39,123563757.4
USDT_BTC,1618434000,62838.18,62363.5,62397.39,62773.65,133289927.9
USDT_BTC,1618437600,63048.82,62550,62773.65,62842.13,121381080.7
USDT_BTC,1618441200,63062.38,62580.37,62842.13,62959.53,117492375.7
USDT_BTC,1618444800,63491.45,62705,62959.53,62705.01,159969049.3
USDT_BTC,1618448400,63171.87,62610.49,62705,62660.02,124265179.7
USDT_BTC,1618452000,63075,62333.55,62660.01,62821.63,121351576.7
USDT_BTC,1618455600,63243.64,62660.01,62821.64,63056.61,123274545.3
USDT_BTC,1618459200,63460.22,62892.49,63056.62,62950.08,121437791.7
USDT_BTC,1618462800,63288.87,62706.4,62950.11,63109.5,104959742.9
USDT_BTC,1618466400,63299,62721.16,63109.49,62936.19,112363753.2
USDT_BTC,1618470000,63200,62751.36,62936.18,62842.56,123169396
USDT_BTC,1618473600,63137.92,62501.14,62842.56,62615.33,135493449.8
USDT_BTC,1618477200,62829.36,62492.46,62615.32,62615.42,122736128.3
USDT_BTC,1618480800,62732.78,62151,62615.41,62154.24,137846024.6
USDT_BTC,1618484400,62480.35,62020,62159.57,62361.12,136458568.7
USDT_BTC,1618488000,62737.76,62347.36,62359.11,62635.71,109353392.1
USDT_BTC,1618491600,63074.05,62604.12,62637.79,62918.66,151220649
USDT_BTC,1618495200,62993.53,62544.78,62918.66,62627.28,137248900.4
USDT_BTC,1618498800,62763.24,62384.79,62627.28,62715.18,136049784.3
USDT_BTC,1618502400,62980,62470.37,62715.17,62665.57,164296913.1
USDT_BTC,1618506000,62717.82,62308,62665.57,62581.43,107012916
USDT_BTC,1618509600,62840.36,62500.41,62581.42,62733.84,107189378.5
USDT_BTC,1618513200,63573.02,62726.02,62733.84,63363.29,255772696.9
USDT_BTC,1618516800,63592.24,63181.37,63363.29,63350.89,193222991.9
USDT_BTC,1618520400,63800,63226.72,63350.88,63369.5,129312102.4
USDT_BTC,1618524000,63518.22,63179.2,63369.51,63252.27,130107240.8
USDT_BTC,1618527600,63339.99,62963.78,63252.27,63159.98,104819566.5
USDT_BTC,1618531200,63520.61,63035.71,63158.74,63360,190504337.3
USDT_BTC,1618534800,63472.41,62684.01,63360,63015.01,253620894.6
USDT_BTC,1618538400,63211.7,62727.62,63015.01,62830.43,209402246.7
USDT_BTC,1618542000,63200,62716.8,62830.42,62937.91,178498754.4
USDT_BTC,1618545600,62961.81,61500,62942.41,61658.05,331435384.8
USDT_BTC,1618549200,62187.64,61415.4,61658.05,61799.59,305664758.7
USDT_BTC,1618552800,61804.04,61057.5,61804.04,61455.69,326865736.2
USDT_BTC,1618556400,61637.96,61025,61455.69,61414.83,195315861.4
USDT_BTC,1618560000,61607.83,61122,61414.88,61191.91,178150708.1
USDT_BTC,1618563600,61264.46,60400,61193.23,60643.79,326081214.5
USDT_BTC,1618567200,60969.5,60240,60643.8,60247.54,260130208.2
USDT_BTC,1618570800,60880,60000,60247.53,60853.81,341103043.5
USDT_BTC,1618574400,61011.22,60523.63,60853.8,60716.32,279625136.5
USDT_BTC,1618578000,61173.22,60250,60716.32,60546.68,412886410.1
USDT_BTC,1618581600,61460.35,60519.99,60546.67,61256.63,342913401.9
USDT_BTC,1618585200,61627,61093.98,61256.63,61551.62,213678669.6
USDT_BTC,1618588800,61800.39,61139.9,61551.62,61722.39,329629599.5
USDT_BTC,1618592400,61848.94,61555,61722.39,61572.03,166734292.7
USDT_BTC,1618596000,61823.74,61105,61572.03,61817.56,145575397
USDT_BTC,1618599600,61877,61374.6,61817.55,61713.43,141580301.4
USDT_BTC,1618603200,62000,61625.02,61713.42,61914.7,148057103.4
USDT_BTC,1618606800,62087.98,61720.01,61914.7,61727.45,115039133.6
USDT_BTC,1618610400,61979.32,61522.46,61727.46,61547.33,125961944.6
USDT_BTC,1618614000,61663.75,61333,61547.32,61334.8,128838131.1
USDT_BTC,1618617600,61740.04,61114.14,61334.81,61439.99,168858952.8
USDT_BTC,1618621200,62010,61439.98,61439.99,61887.24,170796542.2
USDT_BTC,1618624800,62308.67,61887.25,61887.25,62164.89,141617022.1
USDT_BTC,1618628400,62506.05,61911.13,62164.89,62372.27,153198757.9
USDT_BTC,1618632000,62464.38,62090.98,62372.27,62221.03,143591702.5
USDT_BTC,1618635600,62287.28,61990.77,62221.02,62159.71,113929069
USDT_BTC,1618639200,62181.53,61857.55,62159.71,62000.75,104405302.7
USDT_BTC,1618642800,62305,61950,62000.75,62114.99,120987910.6
USDT_BTC,1618646400,62400,62114.99,62114.99,62399.86,126028567.3
USDT_BTC,1618650000,62458.28,61480.24,62399.87,61711.29,198603605.3
USDT_BTC,1618653600,61891.33,61258.08,61711.29,61365.23,151770997.5
USDT_BTC,1618657200,61455,60700.55,61365.24,60886.91,221502812.2
USDT_BTC,1618660800,61089.85,60500,60886.93,61061.52,223254144.4
USDT_BTC,1618664400,61187,60369.12,61061.52,61025.41,208634438
USDT_BTC,1618668000,61222,60566.79,61025.4,60610.97,164842775.1
USDT_BTC,1618671600,60655.5,60094,60610.97,60264.66,215396894.6
USDT_BTC,1618675200,60685.51,59842.28,60264.65,60377.01,184886264.6
USDT_BTC,1618678800,60592.95,59637.12,60377.01,59705.62,150021292.3
USDT_BTC,1618682400,60525.8,59580.91,59705.62,60379.99,163138673.1
USDT_BTC,1618686000,60785,60379.99,60380,60705.02,118138979.3
USDT_BTC,1618689600,60887.07,60600.6,60705.02,60802.38,85602696.75
USDT_BTC,1618693200,60955,60558.43,60802.38,60713.98,87660433.47
USDT_BTC,1618696800,60819.95,60354.55,60713.98,60633.78,71784931.46
USDT_BTC,1618700400,60804.57,59969.98,60633.77,60006.66,117049045.3
USDT_BTC,1618704000,60499,59312.07,60006.67,59386.59,222376226.8
USDT_BTC,1618707600,59737.31,58955.57,59386.59,59220.01,259353500.4
USDT_BTC,1618711200,59481.79,58598.8,59220.01,58804.21,253892645.2
USDT_BTC,1618714800,58984.69,50931.3,58804.21,55014.46,864567947.2
USDT_BTC,1618718400,56033.92,53924.76,55000.01,54829.24,708630386.8
USDT_BTC,1618722000,55850,54732.39,54854.55,55569.18,378808939.2
USDT_BTC,1618725600,56381,55300,55569.18,55728.66,328487188.1
USDT_BTC,1618729200,56527.04,55716.55,55731.24,56180.34,279289463
USDT_BTC,1618732800,56498,54459.56,56184.51,54953.65,423691155.2
USDT_BTC,1618736400,55294.21,54023.13,54954.85,54964.61,405881923.4
USDT_BTC,1618740000,55364.11,54517.32,54972,54640.93,259905788.7
USDT_BTC,1618743600,55079.62,53064.66,54640.93,53308.92,309752790.1
USDT_BTC,1618747200,54999.71,53200,53299.32,54947.24,336719462
USDT_BTC,1618750800,55309.34,54620.26,54947.24,55169.06,221462485
USDT_BTC,1618754400,55774.23,55004.11,55169.06,55135.56,237686500.4
USDT_BTC,1618758000,55574.23,54700,55135.56,55452.45,234009189.2
USDT_BTC,1618761600,55967.66,55232.32,55452.45,55432.76,245612628.6
USDT_BTC,1618765200,55645.01,54859.75,55432.77,55150.01,157066987.3
USDT_BTC,1618768800,55685.27,54982.02,55151.12,55473.86,125935466.1
USDT_BTC,1618772400,55817.54,55286.72,55473.85,55720.66,129001786.9
USDT_BTC,1618776000,56288.58,55709.86,55720.66,56179.99,151813640.4
USDT_BTC,1618779600,56363,55537.48,56179.99,56300.01,127209290.7
USDT_BTC,1618783200,56688.28,56004.33,56300.01,56535.85,159604269.4
USDT_BTC,1618786800,56600,56008,56535.84,56150.01,128620067.4
USDT_BTC,1618790400,56841.89,55690.62,56150.01,56771.94,179795840.1
USDT_BTC,1618794000,57099.91,56650,56771.94,56757.4,168573232.5
USDT_BTC,1618797600,57222,56530.75,56757.16,56883.43,122727668.1
USDT_BTC,1618801200,57291,56700.36,56883.43,57030.9,133344667
USDT_BTC,1618804800,57171.73,56679.8,57030.9,56951.86,116893783.4
USDT_BTC,1618808400,56965.3,56410.68,56951.86,56500,139205439.3
USDT_BTC,1618812000,57339.8,56500,56500.01,57249.99,157035001.5
USDT_BTC,1618815600,57485.46,57020.3,57249.99,57323.35,188864201.7
USDT_BTC,1618819200,57526.81,56750.89,57323.34,56778.8,260192084.7
USDT_BTC,1618822800,57098.86,56574.76,56778.8,56681.9,216298457.7
USDT_BTC,1618826400,56785.5,56120.03,56681.9,56522.65,261792263.1
USDT_BTC,1618830000,57323.99,56462,56522.65,57107.4,197041024.8
USDT_BTC,1618833600,57142.2,56443.27,57107.41,56515.7,148776017.5
USDT_BTC,1618837200,56783.36,56002.56,56515.7,56630.91,233160091.3
USDT_BTC,1618840800,56635.1,55073.39,56630.9,55439.86,403449486.9
USDT_BTC,1618844400,55475.3,54221.58,55439.86,54585.22,382445196.5
USDT_BTC,1618848000,55554,54351.67,54581.82,54826.99,275039318.6
USDT_BTC,1618851600,55491.64,54560.53,54826.99,55369.68,144875439.9
USDT_BTC,1618855200,55826.49,55300.31,55369.68,55635.03,121297335.4
USDT_BTC,1618858800,56100,55387.25,55635.03,55930.94,123761194.1
USDT_BTC,1618862400,56410,55750,55930.94,56130.02,121167086.1
USDT_BTC,1618866000,56600,55678.63,56130.02,56245.2,100450420.4
USDT_BTC,1618869600,56348.05,55795.95,56245.2,55993.56,80124994.82
USDT_BTC,1618873200,56199.74,55517.45,55993.56,55633.14,122309335.3
USDT_BTC,1618876800,55792.15,54328.78,55633.14,54631.29,327059611.4
USDT_BTC,1618880400,55378.42,54237.04,54631.29,54764.12,178874714.8
USDT_BTC,1618884000,55369.978,54336.265,54671.142,54912.473,155239087.2
USDT_BTC,1618887600,55355.908,54501.64,54737.562,55159.728,115846374.6
USDT_BTC,1618891200,55350.28,54567.79,54764.13,55258.63,100089289.6
USDT_BTC,1618894800,55486.31,54691.87,55258.64,54950.04,146318237.3
USDT_BTC,1618898400,55189.97,53501.01,54950.04,53856.35,232198771.9
USDT_BTC,1618902000,54431.04,53329.96,53856.36,54410.57,209632857.8
USDT_BTC,1618905600,55313.9,54230.38,54410.57,55220.29,176879074.1
USDT_BTC,1618909200,55433.4,54781.59,55220.3,54889.16,157442534.4
USDT_BTC,1618912800,56239.31,54824.81,54889.15,55908.52,243623878.8
USDT_BTC,1618916400,56419.13,55680.64,55908.52,56266.83,155239086.7
USDT_BTC,1618920000,56290.31,55604.73,56266.83,55801.14,151248103
USDT_BTC,1618923600,56320.55,55693.69,55801.13,56317.99,152665409.8
USDT_BTC,1618927200,56455.93,55200,56318,55336.14,239358221.2
USDT_BTC,1618930800,55567.87,54649.58,55336.14,55323.19,213523519.8
USDT_BTC,1618934400,55798.28,55099.63,55323.18,55784.86,210729713.6
USDT_BTC,1618938000,55935,55465.15,55784.86,55871.72,135858330.7
USDT_BTC,1618941600,56500,55707.69,55871.72,56253.81,204590493.7
USDT_BTC,1618945200,56782,56176.02,56254.98,56572.44,202907563
USDT_BTC,1618948800,57076.24,56347.84,56572.44,56725,219936180.1
USDT_BTC,1618952400,57020.77,56424.25,56725.01,57020.76,141220268
USDT_BTC,1618956000,57050,56090,57020.76,56380,130644206.4
USDT_BTC,1618959600,56573.54,56177.97,56380,56425,107661325.4
USDT_BTC,1618963200,56757.91,55582.08,56425,55679.99,170656326.1
USDT_BTC,1618966800,56205.88,55332.96,55679.99,56044.2,181036375
USDT_BTC,1618970400,56300,55894.95,56044.75,56109.73,94291364.4
USDT_BTC,1618974000,56171.39,55170.61,56109.72,55204.6,152731473.4
USDT_BTC,1618977600,55559.35,54968.69,55204.6,55386.31,140604495.2
USDT_BTC,1618981200,55660,55058.54,55386.3,55408.89,116451485
USDT_BTC,1618984800,55822.77,55140.17,55406.1,55559.57,120468446.1
USDT_BTC,1618988400,55717.11,55158.31,55559.58,55304.04,103779933.7
USDT_BTC,1618992000,55670,54757.63,55304.04,55445.49,148742202
USDT_BTC,1618995600,55750,55279.57,55445.48,55570.01,99818939.58
USDT_BTC,1618999200,55597.49,54801.25,55570,54916.83,173384957.8
USDT_BTC,1619002800,55194.69,54276.85,54916.83,54563.37,208500285.9
USDT_BTC,1619006400,55550,54300,54563.36,55433.39,217999246.2
USDT_BTC,1619010000,55690,55284.34,55433.39,55569.31,129781104.3
USDT_BTC,1619013600,56333,55217.22,55569.31,56182.11,208369587.2
USDT_BTC,1619017200,56346.7,55810,56182.12,56153.75,180037114.2
USDT_BTC,1619020800,56339.98,55631.26,56149.93,55743.81,159376083.9
USDT_BTC,1619024400,55819.52,55405,55743.82,55526.01,116158897.4
USDT_BTC,1619028000,55610.9,55129,55526,55306.35,109425208.5
USDT_BTC,1619031600,55738.14,55306.34,55306.34,55478.7,91310408.01
USDT_BTC,1619035200,55481.16,54777,55478.7,54956.93,142638607.3
USDT_BTC,1619038800,55378.43,54678.82,54956.93,54745.78,122048112.7
USDT_BTC,1619042400,55030,53770,54749.82,53996.73,324050841.1
USDT_BTC,1619046000,54337.93,53536.02,53996.73,53787.63,192888083.8
USDT_BTC,1619049600,54275.48,53200,53787.62,54070,260533917.4
USDT_BTC,1619053200,54638,53901,54070,53911.88,152256808.8
USDT_BTC,1619056800,53958.56,52561,53911.88,53760.82,455824998.3
USDT_BTC,1619060400,54150,53200,53760.81,53497.09,238644795.6
USDT_BTC,1619064000,54356.79,53450,53494.63,54271.67,169791991.6
USDT_BTC,1619067600,54621.67,54012.98,54271.68,54457.72,144151791.1
USDT_BTC,1619071200,54850,54252.38,54457.73,54457.46,156066284.9
USDT_BTC,1619074800,54597,54096.08,54457.46,54144.99,134734229.8
USDT_BTC,1619078400,54254.5,53080,54146.01,53652,263311977.1
USDT_BTC,1619082000,54350,53249.02,53652,54303.92,178342097.6
USDT_BTC,1619085600,54444,53879.07,54303.93,53899.71,149696969.1
USDT_BTC,1619089200,55223,53891.21,53901.46,54866.62,230201060.8
USDT_BTC,1619092800,55521.48,54726.34,54866.63,54990.48,240065309.9
USDT_BTC,1619096400,55280,54391.56,54990.49,54419.13,184801364
USDT_BTC,1619100000,54861.08,54378.29,54419.13,54744.24,142671262.9
USDT_BTC,1619103600,54843.24,54310.04,54744.24,54651.64,129656408.7
USDT_BTC,1619107200,55166.19,54484.34,54651.63,54897.11,140350282.5
USDT_BTC,1619110800,55018.67,53380,54897.11,53437.4,278485617.4
USDT_BTC,1619114400,53682.03,52703.47,53437.4,53372.69,349921824.5
USDT_BTC,1619118000,53550,52222.17,53372.69,52923.54,329876788.1
USDT_BTC,1619121600,52932.39,51500,52923.54,51623.57,397738833.2
USDT_BTC,1619125200,52102.5,50500,51629.98,51673.71,492400113.9
USDT_BTC,1619128800,52234.74,51310.34,51679.97,51620.8,223766504
USDT_BTC,1619132400,52221.01,51450.01,51620.8,51690.96,151692626.3
USDT_BTC,1619136000,52131.85,51280.52,51690.95,51524.09,272373863.4
USDT_BTC,1619139600,51725.74,49722.22,51524.76,51080.59,593144862.9
USDT_BTC,1619143200,51427.93,48555,51048.59,49999.99,771280685.5
USDT_BTC,1619146800,50435.45,49647.2,50000,50298.76,346870296
USDT_BTC,1619150400,50572.08,49073.61,50298.76,49178.19,300998502.5
USDT_BTC,1619154000,49937.27,48443.01,49178.2,49501.73,362181710.8
USDT_BTC,1619157600,49528.99,48500,49501.74,49051.48,339828823.4
USDT_BTC,1619161200,49500,47700,49051.48,47942.44,480152397.9
USDT_BTC,1619164800,48858.14,47500,47936,48749.75,397476713.7
USDT_BTC,1619168400,48783.6,47842.61,48761.02,48226.87,212013562.4
USDT_BTC,1619172000,49665.32,48130.03,48226.86,49455.53,314295004.7
USDT_BTC,1619175600,50269.17,49271.03,49457.48,50070.36,255390972.1
USDT_BTC,1619179200,50300,49189.43,50070.36,49249.3,201370972.3
USDT_BTC,1619182800,49470.33,48541,49249.3,49127.39,233396191.6
USDT_BTC,1619186400,49943.91,48811.57,49128.47,49728.37,160564043.9
USDT_BTC,1619190000,49935.01,48981,49728.42,49836.62,185753789.9
USDT_BTC,1619193600,50126.48,49470.26,49836.63,49836.91,145826444.3
USDT_BTC,1619197200,50115.75,49510.42,49836.9,49824.74,149624447.9
USDT_BTC,1619200800,50777,49620.02,49827.18,50563.59,155559916.5
USDT_BTC,1619204400,50920,50413.51,50563.59,50876.72,139019099.2
USDT_BTC,1619208000,51301.34,50500,50876.71,50504.32,249525172.3
USDT_BTC,1619211600,50950.01,50284.38,50505.35,50298.07,125533875.1
USDT_BTC,1619215200,50720,50140,50298.07,50469.05,90921531.34
USDT_BTC,1619218800,51146.77,50469.11,50469.12,51125.14,80458084.4
USDT_BTC,1619222400,51166.22,49560,51110.56,49864.95,204456995.2
USDT_BTC,1619226000,50050,49700.4,49864.94,49724.1,99085659.4
USDT_BTC,1619229600,50395.15,49304.06,49724.1,50067.37,137536840.4
USDT_BTC,1619233200,50452.37,50011.39,50067.36,50109.93,89095116.13
USDT_BTC,1619236800,50631.16,49900,50109.92,50412.76,88094085.67
USDT_BTC,1619240400,50544.86,50175.19,50412.76,50456.09,79111109.19
USDT_BTC,1619244000,50520.57,50155,50456.09,50210.75,78939077.91
USDT_BTC,1619247600,50210.76,49649.7,50210.76,49805.2,128166468.1
USDT_BTC,1619251200,50217.89,49689.09,49798.96,49762.54,105233380.8
USDT_BTC,1619254800,49800,49424,49762.54,49507.07,109038060.4
USDT_BTC,1619258400,49509.27,48925.15,49507.16,48991.37,171608263.2
USDT_BTC,1619262000,49523,48657.14,48991.36,49073.71,205896574
USDT_BTC,1619265600,49797.61,48917.16,49072.12,49549.87,178052610.4
USDT_BTC,1619269200,49747.48,49334.49,49554.73,49554.32,117876881.8
USDT_BTC,1619272800,49554.33,49100,49554.32,49294.71,100600975.9
USDT_BTC,1619276400,50360.63,48900,49295.64,50212.03,208604097.7
USDT_BTC,1619280000,50300,49838.72,50210.01,49894.73,100340344.8
USDT_BTC,1619283600,50159.76,49650,49894.73,50121.31,78987494.62
USDT_BTC,1619287200,50800.74,49986.03,50123.44,50562.06,109386920.5
USDT_BTC,1619290800,50888,50562.05,50562.05,50667.75,63325824.49
USDT_BTC,1619294400,50995,50535.86,50667.79,50930.49,79404295.04
USDT_BTC,1619298000,51000,50623.01,50930.49,50853.72,63853666.26
USDT_BTC,1619301600,50934.4,50223.72,50853.71,50298.84,81342560.61
USDT_BTC,1619305200,50519.75,49900,50292.32,50047.84,84043700.47
USDT_BTC,1619308800,50302.15,49716.41,50047.84,49821.69,112205918.3
USDT_BTC,1619312400,50306.12,49800,49821.69,50132.66,65340233.01
USDT_BTC,1619316000,50452.85,50120.88,50132.66,50289.01,60867275.73
USDT_BTC,1619319600,50331.16,49600,50289.01,49615.54,83000342.8
USDT_BTC,1619323200,49705.04,49600.24,49626.76,49683.94,292226.0135
USDT_BTC,1619326800,49797.0336,49611.6448,49635.9104,49748.2904,7624203.927
USDT_BTC,1619330400,50038.5168,49641.5824,49659.9302,49917.2102,26870645.95
USDT_BTC,1619334000,50159.2584,49656.5512,49671.9401,50001.6701,36493866.96
USDT_BTC,1619337600,50280,49671.52,49683.95,50086.13,46117087.97
USDT_BTC,1619341200,50223.21,49161.94,50086.77,49486.62,190061659.7
USDT_BTC,1619344800,49918,49179.43,49486.62,49342.51,193203101.6
USDT_BTC,1619348400,49683.54,49248.52,49339.75,49550.73,92382622.02
USDT_BTC,1619352000,49974.65,49450,49550.74,49859.54,120033917.9
USDT_BTC,1619355600,50157.46,49750,49861.21,49872.91,146422751
USDT_BTC,1619359200,50500,49700,49872.9,50335.68,141876152.8
USDT_BTC,1619362800,50567.91,50191.26,50335.67,50257.97,121435382.2
USDT_BTC,1619366400,50395.49,50043.28,50257.97,50395.49,96867169.45
USDT_BTC,1619370000,50434,49768.17,50395.49,49921.81,103274522.3
USDT_BTC,1619373600,49949.23,49470,49921.81,49622.7,121920475.7
USDT_BTC,1619377200,49785.95,49295.09,49622.7,49333.01,88313841.28
USDT_BTC,1619380800,49593.18,47900,49333.01,48094.68,260540905.5
USDT_BTC,1619384400,48392.49,46930,48097.99,47598.87,390027327.5
USDT_BTC,1619388000,48812.33,47507.31,47598.87,48689.03,270346174.3
USDT_BTC,1619391600,49171.76,48500,48694.09,49066.77,163329228.1
USDT_BTC,1619395200,50989,48753.44,49066.76,50900,345383279.9
USDT_BTC,1619398800,51983.56,50437.37,50899.99,51920.39,319893072.7
USDT_BTC,1619402400,52500,51698.09,51920.39,51969.24,263379177.2
USDT_BTC,1619406000,52427.97,51833.31,51961.34,52398.99,164144680.1
USDT_BTC,1619409600,52722.35,52000,52398.99,52299.99,162645343.7
USDT_BTC,1619413200,52579.91,52051.06,52300,52535.23,134576904
USDT_BTC,1619416800,53080,52421.23,52535.23,52832,210762520.9
USDT_BTC,1619420400,52969.35,52445.48,52831.99,52801.37,174313043.8
USDT_BTC,1619424000,52981.07,52507.41,52801.37,52584.19,125508794.8
USDT_BTC,1619427600,53544.68,52275,52584.19,53450.04,224337120
USDT_BTC,1619431200,53530.29,53119.01,53450.04,53217.03,166610405.9
USDT_BTC,1619434800,53685,53217.03,53217.03,53598.39,176936272.2
USDT_BTC,1619438400,53950,53407.82,53598.39,53484.75,221758163.6
USDT_BTC,1619442000,53894.61,53200,53484.74,53659.52,197205379.8
USDT_BTC,1619445600,53844.19,53354.38,53657.33,53545.87,137747913.2
USDT_BTC,1619449200,53700.02,53239.69,53545.87,53571.12,112644369.9
USDT_BTC,1619452800,53757.97,52868.07,53571.13,53284.61,209291718.9
USDT_BTC,1619456400,54356.62,53276.75,53284.6,54034.75,208166510.3
USDT_BTC,1619460000,54284.46,53880.27,54034.74,54245.87,133217585.6
USDT_BTC,1619463600,54300,53702.08,54245.87,54036.19,178955183.2
USDT_BTC,1619467200,54040,53179.68,54038.21,53180,186719829.5
USDT_BTC,1619470800,53478,52600.36,53180.01,53363.54,249034645.2
USDT_BTC,1619474400,54250,52857.14,53363.53,53582.45,156014986.1
USDT_BTC,1619478000,54050.08,53451.12,53582.45,54001.39,96441602.75
USDT_BTC,1619481600,54160.61,53519,54001.38,53657.36,118420311.6
USDT_BTC,1619485200,53838.58,53571.88,53657.35,53772.23,90345443.11
USDT_BTC,1619488800,54000,53728.68,53772.23,53812.01,103794651.9
USDT_BTC,1619492400,53827.34,53267.71,53812,53460.3,104762769.9
USDT_BTC,1619496000,53591.51,53222,53460.3,53456.85,90716503.42
USDT_BTC,1619499600,53970,53405.82,53456.85,53918.3,102911018.7
USDT_BTC,1619503200,54933.74,53898.61,53918.3,54700.34,249373833
USDT_BTC,1619506800,54879.72,54317.13,54700.35,54545.01,128036214.3
USDT_BTC,1619510400,54986.96,54349.77,54545,54430.17,131278127.3
USDT_BTC,1619514000,54688.49,54248.92,54430.25,54487.04,99454964.07
USDT_BTC,1619517600,54782.7,54426.66,54487.05,54683.34,117265007
USDT_BTC,1619521200,55242.32,54625.31,54688.72,55152.43,180493525.7
USDT_BTC,1619524800,55281.16,54736.78,55152.43,54838.53,124238125.6
USDT_BTC,1619528400,55040.83,54400,54838.53,54726.35,141817316
USDT_BTC,1619532000,55068.91,54258.32,54726.34,54953.92,261829029.6
USDT_BTC,1619535600,55300,54820.38,54953.27,54981.87,149293186.7
USDT_BTC,1619539200,55081.61,54545.64,54981.86,54663.28,128794610.8
USDT_BTC,1619542800,54933.45,54258.4,54663.28,54875.62,120529782.3
USDT_BTC,1619546400,54991.45,54624.76,54875.63,54960.01,85780447.9
USDT_BTC,1619550000,54976.49,54613.68,54960.01,54761.7,75121933.96
USDT_BTC,1619553600,55183.33,54761.7,54761.7,55133.88,80640935.63
USDT_BTC,1619557200,55460,54818.48,55133.88,55275.29,94821947.71
USDT_BTC,1619560800,55339.42,54875.36,55275.29,54944.72,76931431.07
USDT_BTC,1619564400,55049.97,54738.43,54944.72,55011.97,93068211.36
USDT_BTC,1619568000,55466.31,54967.38,55011.97,55384.61,146267248.6
USDT_BTC,1619571600,55738,55280.01,55384.61,55471.2,131811804.5
USDT_BTC,1619575200,55629.67,55173.2,55471.2,55189.99,124090156.6
USDT_BTC,1619578800,55276.76,54769.42,55190,54774.05,136366301.5
USDT_BTC,1619582400,54995.07,54545,54774.05,54820.54,88657559.84
USDT_BTC,1619586000,54938.4,54400,54820.54,54594.5,107770750.4
USDT_BTC,1619589600,54628.65,53813.16,54599.24,54144.18,263419901.5
USDT_BTC,1619593200,54550.78,54040.01,54144.18,54255.98,108174602.2
USDT_BTC,1619596800,54535.51,54055.83,54255.98,54063.23,97936694.19
USDT_BTC,1619600400,54420.86,53917.64,54063.23,54215.31,122554515
USDT_BTC,1619604000,54476.26,54102.35,54215.3,54413.56,72648531.5
USDT_BTC,1619607600,55087.85,54411.81,54413.57,54853.26,168140906.9
USDT_BTC,1619611200,55327,54762.42,54853.26,55175.25,135192959.9
USDT_BTC,1619614800,55195.35,54625,55175.25,54780,110335551.6
USDT_BTC,1619618400,54917.29,54460.41,54780.01,54489.22,101347488.3
USDT_BTC,1619622000,54611.27,54111.11,54489.21,54338.14,112435960
USDT_BTC,1619625600,54775,54245.33,54338.14,54704.76,93745992.45
USDT_BTC,1619629200,54975.45,54523,54704.75,54838.72,76195098.77
USDT_BTC,1619632800,55070,54643.45,54838.73,54933.76,91521300.87
USDT_BTC,1619636400,55432,54724.91,54933.75,55411.97,96833238.51
USDT_BTC,1619640000,56428,54159,55407.03,54369.08,398476398.1
USDT_BTC,1619643600,54884,54002,54369.08,54801.34,98557220.84
USDT_BTC,1619647200,54838.43,54311,54801.33,54466.72,71479130.59
USDT_BTC,1619650800,54886.63,54363.86,54469.96,54846.22,66283474.72
USDT_BTC,1619654400,55195.84,54673.96,54846.23,54720.07,102917751.1
USDT_BTC,1619658000,54775.98,54415.37,54720.07,54567.68,91120003.14
USDT_BTC,1619661600,54752.12,54306.01,54567.68,54575.94,94284399.73
USDT_BTC,1619665200,54632.58,54046.33,54575.93,54265.1,100779374.8
USDT_BTC,1619668800,54265.1,53510,54265.1,53564.94,165163667.4
USDT_BTC,1619672400,53976.19,53482.22,53564.94,53896.92,114771749
USDT_BTC,1619676000,54493.87,53856.49,53896.92,54372.84,111536601.4
USDT_BTC,1619679600,54486.45,54255,54372.84,54465.14,80388505.21
USDT_BTC,1619683200,54467.99,53850,54465.27,53929.29,125379263.4
USDT_BTC,1619686800,54739.43,53759.98,53929.28,54541.01,152302986
USDT_BTC,1619690400,54689.48,54338.33,54540.01,54428.04,94625878.17
USDT_BTC,1619694000,54546.33,54105.22,54428.04,54300.16,100740551.1
USDT_BTC,1619697600,54531.89,54159.47,54300.16,54330.01,108903744.3
USDT_BTC,1619701200,54404.59,53560,54330.01,53606.03,168444811.2
USDT_BTC,1619704800,53913.78,53508,53606.03,53682.26,134551012.9
USDT_BTC,1619708400,53912.83,53303.68,53682.26,53703.11,145220022
USDT_BTC,1619712000,53816.19,52950,53703.11,52972,178771149.7
USDT_BTC,1619715600,53183.72,52700,52972,52742.95,197176897.8
USDT_BTC,1619719200,53039.27,52476.69,52742.98,52928.54,141805908.3
USDT_BTC,1619722800,53036.79,52800,52935.72,52860.02,76862579.75
USDT_BTC,1619726400,53337.07,52330.94,52860.02,52981.71,150247886.8
USDT_BTC,1619730000,53363.99,52808.05,52977.71,53329.2,59405842.62
USDT_BTC,1619733600,53437.49,53101.61,53329.2,53387.35,57445784.47
USDT_BTC,1619737200,53650.63,53300,53387.35,53555,70373965.23
USDT_BTC,1619740800,53816.36,53013.01,53555,53386.46,140223862.7
USDT_BTC,1619744400,53636.36,53183.27,53386.47,53395.09,102738208.3
USDT_BTC,1619748000,53617.07,53331.48,53395.09,53520.42,81863782.67
USDT_BTC,1619751600,53773.08,53421.4,53520.42,53679.03,110305556.4
USDT_BTC,1619755200,54200,53673.05,53679.04,54124.35,157282176.1
USDT_BTC,1619758800,54300,53914.73,54124.35,54266.56,136849614
USDT_BTC,1619762400,54450,54161.58,54266.56,54415,107640820.6
USDT_BTC,1619766000,54558.8,54250.92,54415,54343.11,121979196.3
USDT_BTC,1619769600,54672.31,54108.8,54343.11,54526.61,99556299.69
USDT_BTC,1619773200,54792.33,54305,54526.6,54318.08,134775943
USDT_BTC,1619776800,54498.98,54100,54317.82,54164.67,99665684.33
USDT_BTC,1619780400,54377.97,54051.11,54164.67,54230.63,93704594.93
USDT_BTC,1619784000,54738.96,54170.89,54230.64,54655.81,125070477.9
USDT_BTC,1619787600,55990,54409.7,54655.81,55989.31,346789777.9
USDT_BTC,1619791200,56308.16,55736.24,55989.31,55952.19,338985126.7
USDT_BTC,1619794800,57258.15,55952.19,55952.19,57180.06,407921312.8
USDT_BTC,1619798400,57385,56394.22,57180.05,56707.28,300397185.4
USDT_BTC,1619802000,56810,56277.39,56707.27,56546.79,162214209.6
USDT_BTC,1619805600,57055.74,56521.46,56546.79,56857.47,121198692.4
USDT_BTC,1619809200,57048,56780.47,56857.48,57007.38,90177235.06
USDT_BTC,1619812800,57032.15,56374.21,57007.38,56757.34,114444255.7
USDT_BTC,1619816400,57184.27,56646.97,56757.34,56976.53,74103411.02
USDT_BTC,1619820000,57427.09,56887.26,56976.53,57119.75,125892259.2
USDT_BTC,1619823600,57963,57090.8,57119.76,57694.27,214407690.4
USDT_BTC,1619827200,58088,57421.05,57697.25,57811.42,201401665.2
USDT_BTC,1619830800,58456.52,57470.77,57809.99,58450,173264664.7
USDT_BTC,1619834400,58458.07,57931.89,58450,58100,129956220.8
USDT_BTC,1619838000,58248.54,58031.86,58100.01,58178.67,81171051.61
USDT_BTC,1619841600,58245.33,57687.04,58177.59,58052.37,117113247.7
USDT_BTC,1619845200,58422.31,57896.85,58052.37,58134.44,102059930.5
USDT_BTC,1619848800,58239.64,57837,58134.44,57894.91,77218596.84
USDT_BTC,1619852400,58036.08,57585.55,57894.9,57725.14,93974980.48
USDT_BTC,1619856000,57930,57450.63,57725.14,57450.63,119040435.5
USDT_BTC,1619859600,57851.35,57116.16,57450.63,57492.99,149972545.2
USDT_BTC,1619863200,57666.66,57335.75,57492.99,57384,72996206.46
USDT_BTC,1619866800,57834.37,57383.33,57384,57816.9,71816915.66
USDT_BTC,1619870400,58043.01,57673,57816.91,57764.15,104411639.6
USDT_BTC,1619874000,58005.09,57525,57764.15,57611,97535842.88
USDT_BTC,1619877600,57681,57220.67,57613.1,57430.78,102191958.2
USDT_BTC,1619881200,57500,56956.14,57430.79,57356.58,120502445.5
USDT_BTC,1619884800,57712.69,57218,57356.59,57495.59,103446453.9
USDT_BTC,1619888400,57767,57492.78,57495.6,57569.99,93422430.05
USDT_BTC,1619892000,57650,57400.35,57567.34,57610.52,67830126.05
USDT_BTC,1619895600,57998.97,57444.03,57610.51,57770.31,101482017.2
USDT_BTC,1619899200,57877.39,57641.5,57770.32,57679.99,68592041.77
USDT_BTC,1619902800,57690,57372.01,57680,57451.58,71821313.31
USDT_BTC,1619906400,57716.27,57243.65,57451.57,57657.75,69251974.99
USDT_BTC,1619910000,57939,57580.7,57660.31,57800.37,69868250.62
USDT_BTC,1619913600,57911.02,57371.12,57797.35,57442.25,91870711.06
USDT_BTC,1619917200,57488.04,57275,57442.25,57415.6,79581126.78
USDT_BTC,1619920800,57700,57415.6,57415.6,57650,47198882.35
USDT_BTC,1619924400,57694.99,56323.66,57650,56450.19,193719458.4
USDT_BTC,1619928000,56930.98,56171.31,56450.19,56905.68,157605012.9
USDT_BTC,1619931600,57129,56612.29,56905.68,56902.07,67660047.41
USDT_BTC,1619935200,57034.19,56686,56902.07,56879.99,44680276.42
USDT_BTC,1619938800,56988,56404.31,56881.33,56633.02,77995726.43
USDT_BTC,1619942400,56766.63,56156,56633.03,56525.23,95942647.68
USDT_BTC,1619946000,56650,56035.25,56525.23,56450,135266350.1
USDT_BTC,1619949600,57000,56385.16,56450,56831.67,107919835.2
USDT_BTC,1619953200,57090,56543.25,56831.67,57090,66609748.02
USDT_BTC,1619956800,57286.96,56700.01,57090,56839.66,93637964.27
USDT_BTC,1619960400,56903.74,56451.01,56839.66,56679.85,67746384.26
USDT_BTC,1619964000,56999,56660,56680.84,56823.52,65406188.63
USDT_BTC,1619967600,56846.92,56231.55,56823.51,56595.2,112419083.1
USDT_BTC,1619971200,56777,56317.59,56595.2,56557.8,79754516.28
USDT_BTC,1619974800,56843.78,56468.63,56557.81,56779.99,63654819.02
USDT_BTC,1619978400,56899.99,56700,56780,56840.45,66092234.84
USDT_BTC,1619982000,56968.56,56546.47,56840.44,56836.4,74935754.8
USDT_BTC,1619985600,57000,56666.67,56836.39,56994,65587408.4
USDT_BTC,1619989200,57141.05,56615.05,56994.99,56649.99,92741543.38
USDT_BTC,1619992800,56745.7,56212,56649.98,56382.1,95798074.58
USDT_BTC,1619996400,56600.5,56309.32,56382.1,56578.21,45939436.22
USDT_BTC,1620000000,57600,56525,56578.21,57407.86,151416158.4
USDT_BTC,1620003600,58289.99,57359.28,57407.85,58042.82,147582606.6
USDT_BTC,1620007200,58249.99,57850.23,58042.83,58060.48,105882925.9
USDT_BTC,1620010800,58240.69,57768.67,58060.48,57925.8,137811688.1
USDT_BTC,1620014400,58044.09,57696.7,57925.79,57820.64,80013601.49
USDT_BTC,1620018000,58110,57794.17,57820.64,57938.86,118120648.3
USDT_BTC,1620021600,58049.83,57860.02,57938.86,57945.55,98888713.69
USDT_BTC,1620025200,58848,57814.34,57945.55,58787.87,246777717.1
USDT_BTC,1620028800,58981.44,58617,58787.88,58764.07,154752730.5
USDT_BTC,1620032400,58804.45,58277.12,58764.08,58409.73,162819807.5
USDT_BTC,1620036000,58620.87,58344.97,58409.91,58467.42,109669819.7
USDT_BTC,1620039600,58965.19,58464.44,58467.42,58657.63,121960836.5
USDT_BTC,1620043200,58770,58293.49,58657.64,58558.27,109383605
USDT_BTC,1620046800,58645.09,57260,58558.26,57697.33,213192963.7
USDT_BTC,1620050400,58199,57600,57696.52,57777.33,166375065.4
USDT_BTC,1620054000,58020.21,57379.57,57777.33,57601.83,162987638
USDT_BTC,1620057600,57957.1,57169,57603.33,57693.73,165275722.4
USDT_BTC,1620061200,58170,57579.26,57693.98,57958.6,124703567.6
USDT_BTC,1620064800,58084.6,57745.9,57958.6,57764.42,106545407.6
USDT_BTC,1620068400,57764.43,57326.01,57764.42,57564.87,109554450.3
USDT_BTC,1620072000,57575.05,56602.73,57564.86,56783.94,182541407.1
USDT_BTC,1620075600,57163.26,56435,56783.93,57110.25,122592012.6
USDT_BTC,1620079200,57421.61,56723.01,57110.24,57292.88,128413962.1
USDT_BTC,1620082800,57457.12,56885.92,57292.88,57169.39,110341486.8
USDT_BTC,1620086400,57200,54580,57169.39,55291.71,373777145
USDT_BTC,1620090000,55846.68,55100,55294.47,55682.71,255893176.6
USDT_BTC,1620093600,56012.49,55447.73,55682.71,55695.16,173713662.4
USDT_BTC,1620097200,55959.79,55231.27,55695.15,55452.17,143848624.1
USDT_BTC,1620100800,55906.15,55122,55452.16,55809.45,131119052.4
USDT_BTC,1620104400,56291.37,55766.01,55809.45,55988.95,116979563.4
USDT_BTC,1620108000,56169,55851.25,55988.95,56070.62,107391203.5
USDT_BTC,1620111600,56361.82,55853.66,56070.62,55917.97,121052910.7
USDT_BTC,1620115200,56020,55555,55917.98,55739.99,158430169.1
USDT_BTC,1620118800,56399.68,55740.33,55740.33,56077.57,144816148.7
USDT_BTC,1620122400,56637.89,56075.11,56077.58,56406.72,143597850.7
USDT_BTC,1620126000,56431.65,55857.14,56406.72,56143.42,149147625.1
USDT_BTC,1620129600,56321.18,55460.16,56143.43,56020.57,271820166.3
USDT_BTC,1620133200,56120,55200,56020.56,55461.35,248715764.3
USDT_BTC,1620136800,55552.85,54410,55461.35,54825.01,440409027.3
USDT_BTC,1620140400,54971,53526,54827.66,53799.33,445832248.5
USDT_BTC,1620144000,54315.57,53201.01,53802.54,53849.23,323209941
USDT_BTC,1620147600,54289.75,53724.18,53849.24,54166.82,191535933.9
USDT_BTC,1620151200,54745.81,53985.34,54166.87,54524.76,171887591.6
USDT_BTC,1620154800,54578.03,54209.65,54522.62,54541.13,124232964.2
USDT_BTC,1620158400,54824,53900,54539.73,54727.01,140321341.1
USDT_BTC,1620162000,54809.48,54194.9,54727,54349.83,95554037.09
USDT_BTC,1620165600,54427,53533,54349.84,54079.61,114769279.4
USDT_BTC,1620169200,54236.63,53046.69,54079.6,53200.01,117346637.6
USDT_BTC,1620172800,54886.69,52900,53205.05,54566.58,254730898.1
USDT_BTC,1620176400,55098,54404.9,54566.53,54758.72,178284275.1
USDT_BTC,1620180000,55415.83,54659,54758.72,55050.22,131075556.6
USDT_BTC,1620183600,55242.02,54709,55050.22,54795.19,153133305.1
USDT_BTC,1620187200,55285.71,54428.92,54798.87,54552.15,163862594.2
USDT_BTC,1620190800,54910.27,54276,54552.32,54693.1,135150326
USDT_BTC,1620194400,54731.62,53922.84,54691.72,54421.51,133869587.7
USDT_BTC,1620198000,55028.21,54302,54421.51,54858.35,117429765.5
USDT_BTC,1620201600,55555,54679.13,54858.35,55425.02,171637277.8
USDT_BTC,1620205200,55492.15,55055.51,55425.02,55359.48,99729056.33
USDT_BTC,1620208800,55809.24,55066.31,55359.48,55627.54,145694052.3
USDT_BTC,1620212400,55672.55,55000,55627.55,55108.95,133127760.4
USDT_BTC,1620216000,55775.15,55032.65,55108.95,55573.09,160937490.1
USDT_BTC,1620219600,56259.74,55535.61,55573.1,56247.17,211711368.1
USDT_BTC,1620223200,57000,55659.69,56247.16,56982.8,292884228.4
USDT_BTC,1620226800,57712.06,56915.41,56982.92,57636.74,425714092
USDT_BTC,1620230400,58069.82,57227.45,57635.89,57414.77,445306259.3
USDT_BTC,1620234000,57699.98,57198.03,57414.77,57281.33,145376478
USDT_BTC,1620237600,57500,57043,57281.33,57301.55,126765963.9
USDT_BTC,1620241200,57500,57043.12,57301.56,57136.04,130351824.9
USDT_BTC,1620244800,57239.85,56576.04,57136.04,56841.77,178248196.6
USDT_BTC,1620248400,56977.07,56687.35,56841.77,56796.44,83260205.61
USDT_BTC,1620252000,57619.86,56715.3,56796.44,57064.55,179868841.3
USDT_BTC,1620255600,57460.67,56926,57064.54,57436.11,129844892.8
USDT_BTC,1620259200,57570,56570.66,57436.11,56959.92,211106924.6
USDT_BTC,1620262800,57194.99,56576.36,56959.93,56835.86,156654053.1
USDT_BTC,1620266400,57165.6,56707.34,56835.85,57033.36,106305636.4
USDT_BTC,1620270000,57033.37,56632.65,57033.36,56797.09,93265710.48
USDT_BTC,1620273600,57568.42,56708.08,56797.09,56943.39,174613829.7
USDT_BTC,1620277200,57343.6,56700,56943.39,57167.03,96654102.9
USDT_BTC,1620280800,57167.03,56441.19,57167.03,56587.65,148470409.6
USDT_BTC,1620284400,56897.62,56331.66,56587.66,56814.79,116025627.1
USDT_BTC,1620288000,57203.81,56788.26,56814.79,56898.87,118880760.7
USDT_BTC,1620291600,57325,56772.75,56898.88,57261.57,122388541.2
USDT_BTC,1620295200,58360,57150,57261.57,57982.1,300457931
USDT_BTC,1620298800,58140,57688,57982.1,57988,176530771.5
USDT_BTC,1620302400,58099,57448.94,57988,57616.97,167565206.4
USDT_BTC,1620306000,57700,57051.96,57616.98,57271.31,174932730.4
USDT_BTC,1620309600,57399.99,56875.4,57271.31,57153.13,142630944.8
USDT_BTC,1620313200,57350.72,56763,57153.12,57088.49,208066630.8
USDT_BTC,1620316800,57475,56574.19,57088.48,56718.03,215802771.8
USDT_BTC,1620320400,57100,56684.87,56718.04,56777,120532877.5
USDT_BTC,1620324000,56970,55450,56775.54,55753.57,361344297.9
USDT_BTC,1620327600,56358.96,55200,55752.54,56128.42,269953063.1
USDT_BTC,1620331200,56269,55674.13,56128.42,55913.75,184742019
USDT_BTC,1620334800,56452.82,55890.86,55913.76,56296.52,108964117.8
USDT_BTC,1620338400,56564.17,56186.16,56296.52,56498.56,104332528.8
USDT_BTC,1620342000,56794.4,56254.29,56498.56,56393.68,112068041.4
USDT_BTC,1620345600,57122.17,56028.46,56393.68,56376.29,208029721.8
USDT_BTC,1620349200,56565.88,55900,56376.33,56197.07,156656753.2
USDT_BTC,1620352800,56397.02,55500,56197.06,55829.28,220936976.4
USDT_BTC,1620356400,56150,55476.74,55829.28,55705.67,156637164.5
USDT_BTC,1620360000,55890.98,55241.63,55705.67,55830.9,159025845.4
USDT_BTC,1620363600,56106.34,55712.39,55830.9,55795.36,116815211.9
USDT_BTC,1620367200,56194.1,55640.37,55795.37,56109,114547473.8
USDT_BTC,1620370800,56280.88,55675.01,56109.01,55766.34,151000661.3
USDT_BTC,1620374400,56162.44,55570.35,55766.33,56086.5,143792882.9
USDT_BTC,1620378000,56550,56039.72,56086.51,56231.46,147408960
USDT_BTC,1620381600,56689.7,56231.46,56231.46,56400.57,164920952.6
USDT_BTC,1620385200,56784,56217.22,56400.57,56464.74,130808252
USDT_BTC,1620388800,57586.48,56228.24,56464.74,57459.27,261530970.4
USDT_BTC,1620392400,57680,56900,57459.27,56997.47,188647063.7
USDT_BTC,1620396000,57215.75,56696,56997.47,57129.5,199021391.3
USDT_BTC,1620399600,57600,57050.16,57129.5,57519.24,195403792.5
USDT_BTC,1620403200,58300,57132.65,57519.25,58300,343201041.4
USDT_BTC,1620406800,58650,57908.86,58300,58119.99,257475778
USDT_BTC,1620410400,58208.66,57621.41,58120,57890.03,171907893.8
USDT_BTC,1620414000,57997.94,57430,57890.02,57584.01,152659696.4
USDT_BTC,1620417600,58074.31,57376.25,57584.01,57607.97,137422280.3
USDT_BTC,1620421200,57623.91,57147,57607.97,57358.44,139860707.1
USDT_BTC,1620424800,57571.29,56749.75,57358.45,57030.92,202928169.6
USDT_BTC,1620428400,57389.21,57020.13,57030.92,57314.75,118734847.2
USDT_BTC,1620432000,57761.78,56900,57315.49,57700.78,146210429.9
USDT_BTC,1620435600,57788.79,57424.01,57700.53,57558.89,101102189.2
USDT_BTC,1620439200,58310.29,57500.34,57558.9,58253.2,150108186.7
USDT_BTC,1620442800,58400,57980.94,58253.2,58099.98,134373460.5
USDT_BTC,1620446400,58599.99,57950.35,58099.86,58057.02,139654448.2
USDT_BTC,1620450000,58067.32,57791,58057.01,57877.97,112096881
USDT_BTC,1620453600,57975.31,57500,57877.97,57804.1,107513835.2
USDT_BTC,1620457200,58540.01,57604.06,57804.09,58463.06,170559480.6
USDT_BTC,1620460800,59379.26,58458.29,58463.06,58856.56,378991951
USDT_BTC,1620464400,59173.3,58632.8,58856.57,58799.99,176480123.2
USDT_BTC,1620468000,58888,58305,58800,58539.56,135067329.6
USDT_BTC,1620471600,58802.09,58350,58539.56,58556.09,98563049.72
USDT_BTC,1620475200,59118.3,58213.76,58556.09,58862.79,171030956.7
USDT_BTC,1620478800,59438.64,58700,58862.8,58828.25,281332332.5
USDT_BTC,1620482400,59060,58601,58828.26,58946.32,165296583.5
USDT_BTC,1620486000,58947.48,57472.95,58947.47,57599.87,340874608.4
USDT_BTC,1620489600,58500,57560.63,57599.86,58381.14,275357644
USDT_BTC,1620493200,59050.45,58139.91,58381.14,58898.98,224122977.9
USDT_BTC,1620496800,59251.04,58901.45,58901.45,59060.57,173491988.7
USDT_BTC,1620500400,59300,58863.18,59060.57,59030.56,120927367
USDT_BTC,1620504000,59500,58755,59030.56,58935.31,138730866.5
USDT_BTC,1620507600,59098.99,58623.21,58935.31,58782.49,111516406.4
USDT_BTC,1620511200,59119.95,58477.94,58782.48,58567.12,140798980.3
USDT_BTC,1620514800,58886.8,58466,58567.12,58862.05,85351755.39
USDT_BTC,1620518400,59075,58505.95,58866.53,58527,116288278.9
USDT_BTC,1620522000,59239.58,58325.09,58527,59126.14,179752874.3
USDT_BTC,1620525600,59147.94,58500,59126.14,58605,123932379
USDT_BTC,1620529200,59300,58465.96,58605.03,58632.78,283674708.4
USDT_BTC,1620532800,58974.91,57575,58635.72,58157.87,532733879.5
USDT_BTC,1620536400,58568.96,57937.27,58157.87,58446.51,134895431.3
USDT_BTC,1620540000,58620.16,58000,58446.51,58337.57,142471971.1
USDT_BTC,1620543600,58342.7,57711.71,58337.57,57965.59,124946239.1
USDT_BTC,1620547200,58250,57815.02,57965.59,58159.6,129973076.1
USDT_BTC,1620550800,58400,57589.94,58159.59,57952.52,168676077.6
USDT_BTC,1620554400,58052.33,57535.61,57952.53,57955.04,142785493.3
USDT_BTC,1620558000,58200,57865.85,57955.04,57907.49,125199288.1
USDT_BTC,1620561600,58000,56235.66,57907.49,56433.53,418959979.9
USDT_BTC,1620565200,57387.77,56402.9,56433.54,57220.02,202331949.6
USDT_BTC,1620568800,57485,57111.41,57220.01,57170.9,128578309.9
USDT_BTC,1620572400,57425.2,57000,57170.9,57379.58,108258429.3
USDT_BTC,1620576000,57883.11,57300.01,57379.58,57600.01,144133783.7
USDT_BTC,1620579600,57660.3,57262.51,57600,57458.73,92803132.3
USDT_BTC,1620583200,57638.2,57199.8,57458.73,57439.39,87961358.68
USDT_BTC,1620586800,57569,57048.96,57441.61,57266.97,142841978.4
USDT_BTC,1620590400,57999,57179.18,57266.97,57844.18,154297201.6
USDT_BTC,1620594000,58180,57778.85,57844.18,58025.89,111504698.6
USDT_BTC,1620597600,58205.67,57850,58025.88,57930.32,128249358.8
USDT_BTC,1620601200,58439.7,57929.84,57930.31,58240.84,118302824
USDT_BTC,1620604800,58887.82,58009.96,58240.83,58858.6,159673740.2
USDT_BTC,1620608400,58985,58610.16,58858.6,58700.21,141956981.8
USDT_BTC,1620612000,59066,58650.39,58699.99,58982.81,127334860.2
USDT_BTC,1620615600,59444.9,58929.33,58978.95,59356.76,212740172
USDT_BTC,1620619200,59500,59003.37,59356.77,59154.67,181527842.5
USDT_BTC,1620622800,59439.98,58680.26,59154.67,59068.05,148774470.5
USDT_BTC,1620626400,59180,58755,59068.66,58833.93,106084476.6
USDT_BTC,1620630000,58965.01,58355.79,58833.92,58370.17,146907008.7
USDT_BTC,1620633600,58593.79,58016.33,58370.17,58372.87,168957552.9
USDT_BTC,1620637200,58573.54,57736.46,58372.86,57899.65,189540888.7
USDT_BTC,1620640800,58167.83,57550,57899.65,57866.23,156187329.4
USDT_BTC,1620644400,58300,57301.81,57866.24,58070.63,209370685.5
USDT_BTC,1620648000,58231.46,57526.25,58070.63,57654.57,202636698.6
USDT_BTC,1620651600,57938.12,57455,57650.01,57675.84,196355379.5
USDT_BTC,1620655200,57675.84,56815,57675.84,56831.59,234834031.1
USDT_BTC,1620658800,58320,56700,56831.59,58296.36,315255459.1
USDT_BTC,1620662400,58593.7,57556.99,58296.35,57572.32,246192433
USDT_BTC,1620666000,57693.44,56849.75,57572.32,56985.3,234213812.8
USDT_BTC,1620669600,57195.32,56388.26,56985.3,56771.88,250966493
USDT_BTC,1620673200,56977.48,55516.85,56771.87,55733.76,351004098.6
USDT_BTC,1620676800,55739.62,53400,55733.76,55240.88,628919850
USDT_BTC,1620680400,55843.09,55027.18,55246.69,55641.11,167433158.8
USDT_BTC,1620684000,56269.89,55367.15,55640.76,56229.93,188409471.2
USDT_BTC,1620687600,56230.12,55418.98,56229.92,55816.14,166505745.4
USDT_BTC,1620691200,56435.48,55429.99,55816.14,55460.08,198586929.2
USDT_BTC,1620694800,55815.29,55064.13,55453.39,55565.33,200051672.7
USDT_BTC,1620698400,55942.26,54505,55565.33,54600,199929706.3
USDT_BTC,1620702000,55283.68,54370,54600,55142.46,192696232.3
USDT_BTC,1620705600,55545.69,54986.47,55142.44,55337.04,146422537.9
USDT_BTC,1620709200,55484.36,54589,55337.03,54798,129084658.7
USDT_BTC,1620712800,55800,54721.89,54788.6,55677.12,140932264
USDT_BTC,1620716400,55846.9,55421.84,55677.12,55740.09,108985479.5
USDT_BTC,1620720000,55893.9,55153.14,55737.89,55341.27,174033659.9
USDT_BTC,1620723600,56027.63,55315.49,55341.28,55901.15,143200712
USDT_BTC,1620727200,56190,55733.45,55901.14,55841.78,143067532.9
USDT_BTC,1620730800,55963.86,55125.71,55841.79,55210.47,152021385
USDT_BTC,1620734400,55418.8,54766.44,55210.47,55374.08,212945648.8
USDT_BTC,1620738000,55760.01,54875,55374.08,55750,214886710.9
USDT_BTC,1620741600,55885.77,55485.14,55750,55688,173825464.5
USDT_BTC,1620745200,56176,55545.28,55688,56052.82,169655496.4
USDT_BTC,1620748800,56553.42,55750,56052.83,55999.69,196021598.7
USDT_BTC,1620752400,56500,55927.27,55999.68,56395.1,124546833.9
USDT_BTC,1620756000,56690,56249.38,56395.09,56383.66,114921068
USDT_BTC,1620759600,56850,56330.3,56383.66,56608.94,106475487.4
USDT_BTC,1620763200,56850,56464.73,56608.93,56806.34,92373309.9
USDT_BTC,1620766800,56862.43,56288.43,56806.35,56510.26,85140145.15
USDT_BTC,1620770400,56654.71,56307.43,56510.26,56399.99,82046392.84
USDT_BTC,1620774000,56767.96,56168.98,56399.99,56670.02,81179727.96
USDT_BTC,1620777600,57360.07,56555.12,56670.02,57348.95,180613749.4
USDT_BTC,1620781200,57360,56924.37,57344.48,57033.35,115276733.3
USDT_BTC,1620784800,57337.81,56932.83,57033.35,57172.94,127630722.6
USDT_BTC,1620788400,57872.18,56937.78,57170.2,57756.94,190172794.7
USDT_BTC,1620792000,58000.01,57284.82,57756.95,57355.3,155892290.9
USDT_BTC,1620795600,57504.65,57160.01,57355.29,57227.98,111754604.4
USDT_BTC,1620799200,57366.92,56900,57227.98,57009.55,143780815
USDT_BTC,1620802800,57250,56882,57011.67,57101.07,109394739.3
USDT_BTC,1620806400,57180,56580,57101.08,56912.77,189342722.1
USDT_BTC,1620810000,57195.5,56730,56912.77,56855.43,123128929.4
USDT_BTC,1620813600,56861.01,55950.45,56855.42,56026.83,219724244.7
USDT_BTC,1620817200,56517.22,55967.13,56026.83,56421.46,153140805.4
USDT_BTC,1620820800,56615.45,56164,56421.45,56316.76,153517969.4
USDT_BTC,1620824400,56850,55700,56316.76,56760.11,224847297.4
USDT_BTC,1620828000,56900,56000,56760.1,56073.03,205842239.1
USDT_BTC,1620831600,56126.29,55232.56,56073.04,55479.13,326193530.1
USDT_BTC,1620835200,55677.31,54392.74,55479.13,55013.01,354067709.4
USDT_BTC,1620838800,55329.3,54687.05,55013.01,54865.13,165238473.4
USDT_BTC,1620842400,55144.98,53576.3,54863.94,54082.52,343628062.1
USDT_BTC,1620846000,54526.3,53500,54082.52,54432.39,247466595.7
USDT_BTC,1620849600,54660.17,53983.05,54437,54420.14,140526229.3
USDT_BTC,1620853200,54751.92,54300,54420.14,54533.16,103145563.7
USDT_BTC,1620856800,54746.82,51563.19,54533.16,52942.79,676718908.2
USDT_BTC,1620860400,52950.55,48600,52938.97,49631.32,715069364.2
USDT_BTC,1620864000,50630,46000,49537.15,49666.99,973630160.7
USDT_BTC,1620867600,50600,49305.43,49661.12,50522.52,505260633.4
USDT_BTC,1620871200,50829.98,50000,50522.52,50255.84,331628873.6
USDT_BTC,1620874800,50490.09,49544,50257.78,50461.99,311852531.9
USDT_BTC,1620878400,50986.22,50282,50461.99,50445.87,240732752.7
USDT_BTC,1620882000,51076.41,50444,50445.87,50884.09,191208599.8
USDT_BTC,1620885600,51335,50760.42,50884.09,51332.74,203717849.2
USDT_BTC,1620889200,51367.19,50605.38,51332.74,50879.72,185205321.5
USDT_BTC,1620892800,50950,49938.44,50879.73,50015.82,232592649.4
USDT_BTC,1620896400,50354.28,48747.89,50015.83,49212.91,428217306.2
USDT_BTC,1620900000,50243.61,48901,49212.92,49171.76,435431030.9
USDT_BTC,1620903600,49909.8,48457.12,49176.56,49777.01,301930927.9
USDT_BTC,1620907200,50400,49528.46,49777.01,50158.05,229794940
USDT_BTC,1620910800,50585.52,49594,50159.29,50500,199239936.8
USDT_BTC,1620914400,50884.34,50207.56,50500.01,50288.69,189652725.6
USDT_BTC,1620918000,50394.2,49458.68,50288.68,49627.64,248565796.1
USDT_BTC,1620921600,50429.99,48434.2,49627.63,48635.4,297604819.9
USDT_BTC,1620925200,48888,47000,48635.65,48465.11,558009110.9
USDT_BTC,1620928800,48964.41,47672.59,48465.11,47844.04,308258295.1
USDT_BTC,1620932400,49384.2,47832.38,47844.04,48568.85,239925381.6
USDT_BTC,1620936000,49450,48367.56,48569.97,49304.15,199796526.9
USDT_BTC,1620939600,49866.03,49000,49304.11,49564.94,128484104.8
USDT_BTC,1620943200,49879.77,48838.38,49564.93,48857.72,176481652.1
USDT_BTC,1620946800,49759.1,48350,48857.76,49670.97,186472761.5
USDT_BTC,1620950400,50241.19,49479.77,49671.92,50029.78,223240429.3
USDT_BTC,1620954000,50390.7,49855.09,50029.77,50015.76,163132723.8
USDT_BTC,1620957600,50070.68,49414.5,50019.56,49464.64,156120749.2
USDT_BTC,1620961200,49663.18,49021.01,49464.63,49157.93,137960403.5
USDT_BTC,1620964800,49540.09,48799.75,49157.94,49198.86,193500416.2
USDT_BTC,1620968400,49736.84,49042.29,49195.17,49653.44,132162981.3
USDT_BTC,1620972000,49706.55,48862.56,49649.77,49056.83,169482635.1
USDT_BTC,1620975600,50286.26,49050,49056.83,49987.2,208219279.8
USDT_BTC,1620979200,50420.17,49880,49987.19,50365.98,172581504.8
USDT_BTC,1620982800,50800,50140.1,50365.97,50413.21,204007041.1
USDT_BTC,1620986400,50767.39,50213,50413.21,50720.34,199978548.7
USDT_BTC,1620990000,50958.32,50478.79,50720.34,50538.14,176243214.8
USDT_BTC,1620993600,50624.93,50226.19,50538.13,50310.83,168070633.4
USDT_BTC,1620997200,50977.6,50037,50310.83,50937.18,164858530.6
USDT_BTC,1621000800,50949.96,50470.87,50937.19,50873.78,152517810.1
USDT_BTC,1621004400,51483,50873.77,50873.78,51211.98,218352818.2
USDT_BTC,1621008000,51322.41,50660.59,51211.98,50809,191212371.6
USDT_BTC,1621011600,51053.74,50490.26,50809,50569.36,133616105.2
USDT_BTC,1621015200,50728.96,50330.62,50569.37,50470.07,173741355.8
USDT_BTC,1621018800,50479.49,50083.8,50470.89,50138.09,133292453.3
USDT_BTC,1621022400,50294.6,49065,50141.33,49146.02,209466633.5
USDT_BTC,1621026000,49848.48,49030,49146.01,49807.18,117047918.6
USDT_BTC,1621029600,50142.06,49613.22,49810.37,49912.26,101859821.7
USDT_BTC,1621033200,50188.67,49730.98,49912.26,49841.45,115238535.8
USDT_BTC,1621036800,50320.24,49269.78,49844.16,49444.7,161052312.5
USDT_BTC,1621040400,50700,49350.5,49444.7,50619.19,145524662
USDT_BTC,1621044000,50650.73,50020,50619.18,50084.84,107930677
USDT_BTC,1621047600,50084.83,49601,50084.83,49627.01,112008453.1
USDT_BTC,1621051200,49861.2,49150.92,49627.02,49322.03,144844769.4
USDT_BTC,1621054800,49720.37,49086.75,49322.03,49666.46,137281382.2
USDT_BTC,1621058400,49700,48628.72,49668.92,48971.99,220003403
USDT_BTC,1621062000,49058.89,48400,48972,48469.28,223648474.3
USDT_BTC,1621065600,49072.49,48203.91,48469.71,48826.08,186760891.2
USDT_BTC,1621069200,49298.59,48350,48826.06,48640.87,184124060.3
USDT_BTC,1621072800,48654.24,47721.84,48654.24,48379.9,264491723.5
USDT_BTC,1621076400,49000,48343.42,48379.89,48929.74,147188576.5
USDT_BTC,1621080000,49364.8,48636.58,48929.73,49167.21,157164463.4
USDT_BTC,1621083600,49340.68,48527.07,49167.22,48995.02,159029983.1
USDT_BTC,1621087200,49697.63,48832,48995.02,49389.58,257950577.3
USDT_BTC,1621090800,49585.49,48834.82,49389.58,48982.99,158925705.1
USDT_BTC,1621094400,48994.27,47534,48983,47876.71,322666496.8
USDT_BTC,1621098000,48234.16,47399.3,47875.46,47801.08,234686773.4
USDT_BTC,1621101600,48200,47447.36,47801.07,47890.07,151100555.7
USDT_BTC,1621105200,48108.61,46900,47890.72,48108.4,260847281.8
USDT_BTC,1621108800,48655,48037.25,48108.4,48219.31,150580054.5
USDT_BTC,1621112400,48738.75,48209.01,48219.41,48419.76,85996600.74
USDT_BTC,1621116000,48688.83,47733,48419.74,47964.69,140828211.4
USDT_BTC,1621119600,48049.93,46555,47971.98,46762.99,236139758.3
USDT_BTC,1621123200,47698,46467,46762.99,47283.43,256947912.2
USDT_BTC,1621126800,48215.96,47282.37,47282.38,48059.99,143829883.4
USDT_BTC,1621130400,48326.62,47952.56,48059.99,48150.01,103498165.9
USDT_BTC,1621134000,48406.44,47747.7,48144.25,48383.46,105856132.6
USDT_BTC,1621137600,48951.01,48051.38,48386.62,48102.77,110028077.6
USDT_BTC,1621141200,48354.2,48034.82,48102.77,48165.86,79543003.64
USDT_BTC,1621144800,49500,48135.39,48165.86,49047.97,205784967.3
USDT_BTC,1621148400,49400,48825.31,49047.97,49375.28,131681355.2
USDT_BTC,1621152000,49437.46,48656,49375.28,48900.02,124722726.9
USDT_BTC,1621155600,49500,48896,48900.02,49264.69,146679299.8
USDT_BTC,1621159200,49795.89,49221.08,49264.68,49579.7,146516333.3
USDT_BTC,1621162800,49640.28,48912.8,49574.98,49014.99,121437654.4
USDT_BTC,1621166400,49157.89,48550.63,49014.99,48622.62,143016378.5
USDT_BTC,1621170000,48999.1,48457.06,48618.14,48915.73,148843563.1
USDT_BTC,1621173600,49249.06,48036,48915.78,48284.32,186287640.3
USDT_BTC,1621177200,48331.45,47566.01,48284.32,47727.26,208712774
USDT_BTC,1621180800,48097.59,46960,47727.26,47276.26,290162172.7
USDT_BTC,1621184400,47460,46120,47276.26,47081.5,397503893.3
USDT_BTC,1621188000,47457.76,45333.34,47080.2,45380.56,509186062
USDT_BTC,1621191600,46239.68,44444.44,45409.99,45549.26,510824938.2
USDT_BTC,1621195200,45902.19,43825.39,45553.24,44104.07,508083166.1
USDT_BTC,1621198800,45614.33,43857.42,44103.9,45195.96,340577449.1
USDT_BTC,1621202400,46320,45163.65,45195.29,45562.01,267417674
USDT_BTC,1621206000,46480,45384.11,45562.01,46431.5,180356384.6
USDT_BTC,1621209600,46686,45481.64,46426.83,45551.72,188955275.5
USDT_BTC,1621213200,45618.04,44527.22,45551.72,44870.17,290578727.6
USDT_BTC,1621216800,45234.82,44210.01,44870.16,44465.81,255853933.5
USDT_BTC,1621220400,44705.23,42777,44462.34,42915.46,518776989
USDT_BTC,1621224000,44300,42196.97,42915.46,43582.53,570506419.3
USDT_BTC,1621227600,44232.84,42397.28,43582.6,44150.24,397210741.4
USDT_BTC,1621231200,45400,43853.75,44193.78,44323.45,515102067.9
USDT_BTC,1621234800,45353.09,44127.63,44323.44,45149.18,293636586.2
USDT_BTC,1621238400,45528.07,44666.79,45143.28,45320.64,305252998.6
USDT_BTC,1621242000,45630.34,44900,45317.29,45408.87,215813496.8
USDT_BTC,1621245600,45507.33,44429.32,45417.21,44539,255700269.5
USDT_BTC,1621249200,45800,44291.84,44539,45731.39,299783585.9
USDT_BTC,1621252800,45791.04,44707.53,45733.55,44919.14,285964102.7
USDT_BTC,1621256400,45227.42,44555,44927.6,45029.01,195565400.4
USDT_BTC,1621260000,45128.7,43770.34,45029.01,44440.98,275591773.1
USDT_BTC,1621263600,44646.54,43156,44440.98,43362.75,273101584.4
USDT_BTC,1621267200,43814.3,42510.9,43357,42567.28,380442842.7
USDT_BTC,1621270800,43208.43,42001,42566.1,42587.21,392692743.9
USDT_BTC,1621274400,43733.89,42300.8,42586.21,43473.22,317930324.2
USDT_BTC,1621278000,44400,43462.76,43471.48,44197.73,242018960.8
USDT_BTC,1621281600,44939.2,44038.51,44197.73,44757.64,182869069.3
USDT_BTC,1621285200,44814.81,43250.57,44757.63,43514.55,182675946.8
USDT_BTC,1621288800,44518.2,42600,43514.55,42897.07,278747733.1
USDT_BTC,1621292400,43841.88,42500,42897.09,43538.04,231983959.4
USDT_BTC,1621296000,44631.78,43150.79,43538.02,44386.26,274430074
USDT_BTC,1621299600,45281.34,44303.88,44389.58,45072.49,294718581.9
USDT_BTC,1621303200,45260.54,44500,45079.58,45018.55,168042412.7
USDT_BTC,1621306800,45051.16,44660.02,45018.17,44779.83,122353911.3
USDT_BTC,1621310400,45555.17,44738.26,44774.78,45318.97,208363426.4
USDT_BTC,1621314000,45509.24,45007.31,45318.98,45359.99,181299164.6
USDT_BTC,1621317600,45799.29,44800.4,45355.82,44898.06,216968005.9
USDT_BTC,1621321200,45244.64,44837.44,44898.05,45172.7,172213477.2
USDT_BTC,1621324800,45420,44826.41,45172.69,44925.19,162893077
USDT_BTC,1621328400,45133,44607.08,44925.19,44955.35,158936710.3
USDT_BTC,1621332000,45480,44731.84,44955.35,45365.87,131297325.1
USDT_BTC,1621335600,45662.14,45125.21,45365.87,45321.02,138183579.5
USDT_BTC,1621339200,45341.84,43715,45318.76,43955.47,276095596.4
USDT_BTC,1621342800,44098.4,43210,43955.46,43691.22,307606212.2
USDT_BTC,1621346400,43692.51,42507,43691.39,43221.4,382920221.9
USDT_BTC,1621350000,43806.8,42780.53,43221.4,42969.47,322009953.5
USDT_BTC,1621353600,43700,42594.93,42969.46,43600.21,347060015.7
USDT_BTC,1621357200,43825.65,43278.37,43601.19,43324.59,193501724.9
USDT_BTC,1621360800,43361.88,42371.96,43324.59,42800.01,259759114.6
USDT_BTC,1621364400,43621,42500,42800.01,43262.71,202187536.1
USDT_BTC,1621368000,43522.64,42691.85,43262.7,43256.56,162090244
USDT_BTC,1621371600,43500,42766.01,43254.06,42979.69,112746833.3
USDT_BTC,1621375200,43250.27,42702.5,42980.52,42817.85,129914174.6
USDT_BTC,1621378800,43181.81,42250.02,42817.86,42849.78,221078909.6
USDT_BTC,1621382400,43584.9,42500,42849.78,42610.25,217207672.7
USDT_BTC,1621386000,42699.44,40500.15,42610.25,40843.52,552531128.7
USDT_BTC,1621389600,41299.98,40275,40843.53,40325.01,351694034.6
USDT_BTC,1621393200,41049.99,40125,40324.57,40591.15,370711746.3
USDT_BTC,1621396800,40846.97,38604.93,40591.99,39307.66,700936623.5
USDT_BTC,1621400400,39941,38934.69,39307.66,39200.01,495838977.1
USDT_BTC,1621404000,39878.33,39102,39200,39378.54,328101147.2
USDT_BTC,1621407600,40575.25,38550,39383.29,40371.44,415508158.8
USDT_BTC,1621411200,40888,39849.49,40354.98,40465.04,291574018
USDT_BTC,1621414800,40708.97,40028.62,40462.39,40324.64,214566485.8
USDT_BTC,1621418400,40442.95,38886.01,40324.64,39432.27,357584419.9
USDT_BTC,1621422000,39664.71,36333,39432.42,38700,996784867.1
USDT_BTC,1621425600,39295.51,32488.89,38700,35234.62,1123955119
USDT_BTC,1621429200,38000,30000,35234.62,35863.06,1514464825
USDT_BTC,1621432800,37598.82,33993.7,35863.06,37521.32,858701434
USDT_BTC,1621436400,37990,36414.74,37501.89,37318.52,804241871.9
USDT_BTC,1621440000,40118.81,36111,37310.14,39580.68,958481252.3
USDT_BTC,1621443600,40442,38866.02,39558.79,39370.61,647031928.4
USDT_BTC,1621447200,39616.04,37600,39366.87,37961.02,466158744.4
USDT_BTC,1621450800,39499.94,37711,37961.01,39342.93,378677273.3
USDT_BTC,1621454400,40200,37962.91,39337.45,38217.41,403432674.2
USDT_BTC,1621458000,38956.99,37032.96,38222.2,38771.77,347224737.5
USDT_BTC,1621461600,39800,38014.01,38777.05,39090.15,288299570.2
USDT_BTC,1621465200,39264.46,36600.01,39070.57,36690.09,393986225
USDT_BTC,1621468800,38180,34850,36671.23,35817.31,656901733.2
USDT_BTC,1621472400,37500,35519.99,35825.8,36973.51,545771871.6
USDT_BTC,1621476000,38300,36834.83,36971.95,38051.34,320029893.7
USDT_BTC,1621479600,38599,37838.2,38051.35,38341.04,272713561.6
USDT_BTC,1621483200,39780,38202.11,38340.01,39425.54,338106769.8
USDT_BTC,1621486800,39970,39130,39425.53,39938.91,283535563.4
USDT_BTC,1621490400,40202.12,39199.99,39936.75,39684.4,305992927
USDT_BTC,1621494000,40780.87,39650,39681.67,39959.68,352447232.4
USDT_BTC,1621497600,40250.01,39326.01,39959.67,39826.97,235517317
USDT_BTC,1621501200,40200,38700,39826.97,39931.2,301816562.1
USDT_BTC,1621504800,40479.79,39493.2,39932.06,40399.99,357527359.5
USDT_BTC,1621508400,40690.56,39701,40399.99,40475.17,299574376.5
USDT_BTC,1621512000,41975,40086.09,40476.68,41699.99,501811327.1
USDT_BTC,1621515600,42451.67,41351.13,41699.99,41713.33,457114594.3
USDT_BTC,1621519200,42200,41223.42,41721.02,41439.32,364029177.3
USDT_BTC,1621522800,41999,40891.91,41436.5,41432.88,260651927.8
USDT_BTC,1621526400,41450,38110,41432.88,39311.8,752470655.2
USDT_BTC,1621530000,40249,38720,39311.8,39785.36,301348964.2
USDT_BTC,1621533600,40018.62,39220,39784.97,39811.84,197426013.9
USDT_BTC,1621537200,40448.23,39532.82,39808.32,40116.04,182616032.4
USDT_BTC,1621540800,40635,39638.27,40116.04,39992.87,165472490.4
USDT_BTC,1621544400,40829.61,39698.43,39992.88,40688.48,109676750.6
USDT_BTC,1621548000,41900,39383.52,40686.18,41451.73,260438184.2
USDT_BTC,1621551600,41727.27,40247.48,41452.56,40526.64,196905782
USDT_BTC,1621555200,42200,40470.23,40525.39,41725.59,269291869.3
USDT_BTC,1621558800,41821.63,41248.12,41725.59,41429.68,142890174.5
USDT_BTC,1621562400,41623.86,41039.38,41427.61,41248.33,132515885
USDT_BTC,1621566000,41266.07,40408.84,41247.42,40666.91,152410310.3
USDT_BTC,1621569600,40715.11,39672.01,40662,39943.65,213574191.3
USDT_BTC,1621573200,40296.68,39587.06,39943.66,39846.48,148378008.1
USDT_BTC,1621576800,40800,39222,39846.48,40564.85,238116764.8
USDT_BTC,1621580400,40650,39482.5,40566.03,39842.57,165296139.1
USDT_BTC,1621584000,40363.27,39277,39842.58,40024.22,248235070.9
USDT_BTC,1621587600,41194.18,40019.76,40021.32,40876.67,238171442
USDT_BTC,1621591200,41199.99,40575.64,40876.68,40738.21,203737395.7
USDT_BTC,1621594800,41230.67,40237.42,40738.21,41124.29,182600891.1
USDT_BTC,1621598400,41577,40470.07,41124.3,40508,237974697.1
USDT_BTC,1621602000,41299.86,40269,40508.01,41112.03,147670655.5
USDT_BTC,1621605600,41789.4,36600,41112.03,37837.27,1250882884
USDT_BTC,1621609200,38300,36444.44,37835.04,36794.57,709607192.7
USDT_BTC,1621612800,37825.75,36100,36803.28,37033.57,550012202.5
USDT_BTC,1621616400,37384.49,36619.34,37031.7,37341.74,311034909.1
USDT_BTC,1621620000,37391.15,36346.8,37341.8,37159.65,249743884.7
USDT_BTC,1621623600,37169.87,35501.01,37159.65,36062.12,402964564
USDT_BTC,1621627200,36332.82,35150,36062.13,35195.24,327179350.8
USDT_BTC,1621630800,36691,33488,35212.52,36588.77,664727326
USDT_BTC,1621634400,37337.41,36000,36592.48,36663.99,306559033.2
USDT_BTC,1621638000,37447,36300,36664,37252.01,219771768.9
USDT_BTC,1621641600,37741.92,36877,37263.35,37654.31,192036871.9
USDT_BTC,1621645200,37987.63,37200,37652.42,37620.76,184903880.5
USDT_BTC,1621648800,38100,37139.91,37620.75,37382.96,189873491.7
USDT_BTC,1621652400,37716.14,36517.03,37382.97,36951.85,301066254.6
USDT_BTC,1621656000,37219.45,35875.11,36947.31,36304.18,267565326.7
USDT_BTC,1621659600,36713.09,35200.62,36304.19,36376.25,269966548
USDT_BTC,1621663200,36510.23,35500,36376.26,36412.47,187152488
USDT_BTC,1621666800,36496.13,35596.1,36412.47,36269.28,202860113.9
USDT_BTC,1621670400,37120.19,36258.96,36266.36,36805.61,214263890.7
USDT_BTC,1621674000,37452.61,36490.97,36805.61,37173.8,173903668.2
USDT_BTC,1621677600,38827.52,36835,37174.99,38337.98,350992503.8
USDT_BTC,1621681200,38500,37555,38337.98,38157.76,183042240
USDT_BTC,1621684800,38729.19,37725.74,38157.75,38151.81,199329515.8
USDT_BTC,1621688400,38829,37965.36,38151.8,38310.57,193106738
USDT_BTC,1621692000,38538.18,37383.59,38310.57,37808.48,231202840.1
USDT_BTC,1621695600,38721.75,37000,37808.49,38162.4,254162630.1
USDT_BTC,1621699200,38491.52,37563.49,38161.92,38147.74,190456728.1
USDT_BTC,1621702800,38600,37788.88,38154.08,37968.1,156613161.6
USDT_BTC,1621706400,38121.04,37300,37972.55,37646.26,162528624.6
USDT_BTC,1621710000,37988,37158.14,37647.3,37286.65,131459106.9
USDT_BTC,1621713600,38196.54,37268.76,37286.65,38022.81,116526033.4
USDT_BTC,1621717200,38362.33,37826.07,38022.81,38153.77,119303179.6
USDT_BTC,1621720800,38400,37338.18,38153.91,37622.38,155459148.3
USDT_BTC,1621724400,37850,37377.5,37621.62,37449.73,102792663.3
USDT_BTC,1621728000,38270.64,36668.99,37458.51,38191,253656844.5
USDT_BTC,1621731600,38222.96,37871.84,38191.34,37907.92,96668700.48
USDT_BTC,1621735200,38018.93,37370.01,37907.91,37470.16,109207716.8
USDT_BTC,1621738800,37663.64,37234.4,37470.54,37421.59,98694700.73
USDT_BTC,1621742400,37421.59,37050.66,37421.59,37198.73,103763416.6
USDT_BTC,1621746000,37198.73,36572.41,37198.73,36883.04,163235104.2
USDT_BTC,1621749600,37323.23,36318,36879.99,36650.38,196634070.9
USDT_BTC,1621753200,36860.74,35530,36650.37,35927.69,264390431.6
USDT_BTC,1621756800,35930.89,33800.59,35927.7,34376,639511583
USDT_BTC,1621760400,35300,33925.18,34376,34202.58,480445609
USDT_BTC,1621764000,35822.21,34118.72,34207.02,35004.81,329386894.3
USDT_BTC,1621767600,35800,34600,35004.82,35389.1,238169414.1
USDT_BTC,1621771200,35800,33118.93,35386.8,33944.77,592868589.1
USDT_BTC,1621774800,34169.76,32600,33944.76,33642.07,589502627.6
USDT_BTC,1621778400,34583.39,33000,33647.25,33891.91,376212234.8
USDT_BTC,1621782000,34015.9,33000,33891.91,33318.09,259993343.8
USDT_BTC,1621785600,33700,31111.01,33316.42,32237,867393397.2
USDT_BTC,1621789200,33900,32110.39,32237,32715.82,463648115.5
USDT_BTC,1621792800,33469.14,31777.89,32716,32529.81,350535883.4
USDT_BTC,1621796400,33449,32203.87,32539.08,33051.73,232111472
